https://api.github.com/repos/apache/cloudstack,7450,mgmt_comments::main,0,merged,component:api::component:UI::Python::component:marvin::component:integration-test::release: backport-4.18::,,11205932,2,8,5,3,2,0,772628c2f0a8da286d080c254d192c10084f9b57::877dbb3b10b45a0140612768188c519376064e6c::15ade7e5dbe3fea7e0843ec6dc6472cd667cf5d4::c281eb0716427b28a4a1b748239683011a6e602e::066c6ff858484d38dc1b7816839135636c03156c::53617c07b8bff61138bc7eab39c8e0aabc2f8de5::ef84e4aa9264082e6027df083de08a79abbd3654::c267fa8dd0687652381663c33329ee175369598b::
https://api.github.com/repos/apache/cloudstack,7434,UIFixesAndDetailsImprovements::main,0,merged,component:api::component:UI::status:needs-testing::component:storage::release: backport-4.18::,Harikrishna,3348673,7,10,97,72,10,0,2a58951293395d470bc49c0f1e5448c9c76a5d70::7fce0feb4f11da531a893fc0b7b16aebaef00bda::27c39e0f1b60b5959d118904f502f041ccdf3c19::49bb748638231e9181c2f718e7b09c6105db1a8d::a1a7b6e4b9c547d19b3e5317cc25f3c81c25787d::13b55cff4be3f162a7b831a0b2aa79669d0b1865::ffcdb7b78d58108d26065326858b4651f0d5437a::d50b86a1fa282673bd7f249f09a7fb5fa9ea159f::8bf836734da50724f82b703b8cd4dd84c4169ae4::eab0ac7947ab9b3fbe64f83908257e1d0bc1968e::
https://api.github.com/repos/apache/cloudstack,7429,fix-shutdown-header::main,0,merged,component:UI::,David Jumani,8244774,10,1,2,4,1,0,eaa618af6ff1801eca250fac841b64d8b7babede::
https://api.github.com/repos/apache/cloudstack,7417,database-views-management-via-separated-files::main,0,closed,,Daniel Augusto Veronezi Salvador,38945620,17,3,935,1,10,0,10342db0d3656e65f86dce0ccfdb3827ac4fc362::14219bc8d8ac496cda2828c27692369b5d633184::4e38f9c70ee2e6f4e2c55925011af6ef150b2087::
https://api.github.com/repos/apache/cloudstack,7339,4.17-gha-backport::4.17,1,closed,component:integration::,dahn,2486961,17,2,572,239,11,0,12ad8dff17d66c974eaa30efaba617597f1a337a::49467f7ada643c2bd710fa73cdcf681179fb00d2::
https://api.github.com/repos/apache/cloudstack,6728,addBackportedPatch::4.17,0,merged,type:bug::Severity:Major::,dahn,2486961,17,1,2,3,1,0,b899ab4598f5180467af81fa05031e1643e6d412::
https://api.github.com/repos/apache/cloudstack,6639,main-gpu-update::main,0,closed,component:api::component:UI::,Pierre-Luc Dion,5923502,22,1,61,0,2,0,a5e133f5099e709f90517e194e0720fa71c2861a::
https://api.github.com/repos/apache/cloudstack,6571,4.18-vm-autoscaling::main,1,merged,component:kvm::component:management-server::component:XenServer::component:vmware::component:api::component:networking::component:agent::,Wei Zhou,57355700,9,383,18414,1160,185,0,a9da7db9e2cf3358a1a7bde77ac4eec46f5df22f::d077fefb3644bec6e1716069cc1fb5d60fffc5e3::8980cc4811e0d08bcaa7b0545e075239f0b6c31a::e1ce2c85a24c7c2d3dc02134961710023ea433d2::e523ed32351418f7770dd896406e342b95c8e7c9::545b6d6886cb544edcec5cef3d7f156a5eaecea5::bc8aa322b9f9d46116b2ef24f0b93bd95f0a3515::540fb615b9489635435de61a2b8c2f5c841718d4::53d9789b4af62909ac2fe72cc15fd51aebb35f1a::d6d540c0d079293926758b95efb6334be6d347a6::32a1acbe0684854e8b243cd94aaee835136b776f::e3fc1bce797c2fb57e1629b7f17cc5fe0b427e9c::b3179afdd525ab6a8885407ace96bc8975d78264::ce6e2d2d836edb97e614acee7ab873179a9c3065::366cb0e15f543b0b73010c396efc76c1851bad0c::a855b6ee9dce914dddab2f8ca9aa3c72c8e0ffb9::354592acf64822d8316b7a64b904b41b7e95424c::dd5f286b092b01abd1877607ef2973f0baca63c6::460e92a511ae0fe0691f999fa4075ad6b069d43c::a59e20111b3163ddc9b46b25bf1e59f65a62cdda::0faf9d2825cb65a4d0595fbc9d74ca0543d49262::02f69597345a43ba9c32ffc177c3c5e7eeb70ec8::95624026dfe164a86f993253528aad41fe52286b::8606ad72c8ffe35711112aca7d92886a4211b65e::0be6e13ba16bab77ba8fb44effbbcf0325bad4ed::36aa867051bd589552def07ce74a1ca6eb72acf8::6079845b8890f5dd359f4c5e51352a2ec14e7bd5::da83681431cb757c2ffb0b3e614ca0f0b49a677f::16afb13f4913273921e4759d9996b3da28975eb1::a410227df3d6fa855ac72df9975bd508d31aa34d::fd531cad25f432000c3e0f604d9863676a84b188::158231c3b75dc41cb73fd262ac4c18a9319de8be::a183c19b920b36a5dddd4fa3218d214393e31f52::c85f3be02129f1fca407646bd9fd8b234caa8da7::40e36172fda061868f421805f6260082a6386ed3::ad47c1204873a55544fb47ede106ac98746ac690::e1755bf8618078bf8202503bdf0e420160022b48::becfbb9537a490f5416c2abddd8c56de7a651fc3::4eda32e2e266317bd54b92c258c78045cf976df4::676e462607a8cc5ff462b0fd33a2a53f29756e31::219117e72aad1b119e18cb5b35bbeb11b5dc15cc::8b079e206ddc7b373a12908cd43b9c1592d9e900::c29cc8a7b671be7a19838620f7413dd48e092392::10c9d7aeff8f078ac751f877f8cd6b5308f0bc4e::d9159508cb5646b2025003aec27b0825ccbf4503::47776683dad80b52d518c6f9bd932f6b5b8a7aed::038331f934bb27ab5c1c336b2c71a188058253dc::32fdfd571f41b0f8a912be77b4271d58796da726::355a57856f9c3dc1bf3881f4d56bb6f341d72924::2dd905517ce4b166c5bdb3105ee45decf5328453::b49fa9f28ff3ec1389ad6f50e2616fb2782dc65f::b50292456c0187b873bd7fef20f772cc1265a628::1fedc471abbca028dddc8b0e92e78b57fd32e3ad::c2e8e64cf380e3e2e054ad51a8fdf147ad47e1b4::609703d8e2530a2ebc066a5856b3f57d84df9a04::5452b1cfbc63ad48c0d78d320a6a76e0e2f94f0e::07a75bac8ab2c4912c161e1f924fb4e22f411945::99b5696e936d7ccb3e8f6b3fde77c093e6cefb4d::f3cf538ed1e0eecf06bbb58fffd27ac9f5803ce2::a6b85fd181d29501813335a7c166b5367ed4e1ce::b069de57bfe932d7122d51d11632bab60c56e690::7bd76721494dcb2755e7c551bc309a1458da3e8b::2e20f699772afb402e272b2fae0e7b8ff187f4f2::ca9296b9fdc9e660c0793ece7c84fd4177909baa::54651a7b6d554e7f3dbc7c61f25e3476ea469dd8::8832a40cafa83be6114b5d9ff3cbe757420a743f::4b4e2a177427e7b4ce638af8b87c224eb5ed9cff::5161f119c97f0368b8513abf1a4a887323e1a489::7ec455db0b43c9f4e28bb0af1272a35be14f2f58::6ab6ce4f6e693883fc77ceee55f724a8fcbc97f7::c5e13dfcfe5612822a4b3052497dd66cf778ee77::e7778c23a9260e6f706d3e57fa31f10b89989bb4::dd773c869ce2728788c79160b5a22c332eef6be4::7b0fc967292705a4d107ad2427dbed83cea8fdfd::3f5c0a02ba0123b4df48d4b9a5342d08160779d7::3716d7dc189c5d2855988e2945365274ef2d4a87::66ecc3b6192536c537de38333009833bfba0b2db::2221268db89e446cad92dd139c9453006e236129::94513511449b3676eba60dc27cb5fda95b9e6545::31e63af64acd4572989e46f3bf4b959dfae437ad::e310e0a85770fda6bfc92368cfd587072f89b10c::7249b6a850015ce4b185b8b6a55bbf9e927ef218::8b8946537997a515be80eefa0584a7f885387d46::cb0b207d9e1738b4269af2c7f49a320ac5796870::18521757ea5a9cd788bbffc05d5613d2093293b3::f594b98f2794c3689614cc629a99647193787068::de47f8efc4d38347d0f82c022274b06af4859ad5::66f29c4dc941ff4d6155b862d24af4c08b3edf9c::b86da59f03463f7b81f5ee3edc8942efc22f5fa7::eb42f5ac79a0b147d3a259a9bf69c77daa8fb159::9a0b14a2329e80dc092ac06394a58029fe70668e::1ee36a1143081db87fb870305e0052da31de00f6::eb216ce831d69fb0d2370426365ff830c119b7d1::4de4de5e6063c94c3ee33f1266f71ab25314db75::7293222364db25c4915f2ee851d2dad8607446a9::3f525df00b37aee627643789d07cfa72f6033422::72398450455343f8cc17425d22b63a0058b30c16::90a1cca726836a3679c28f2c7cb660d1e6e26fd3::b69eaf38469ec4a0bbdbf14e455c261057e900a8::34deff77be81bcb65a22ffb1df7dd9dd76862abe::71a12229818d89ca2fae25f383fb11482f67aa32::7a86b1b9b5303e896fbb56ca2393ca7d39259d44::d3d6e9349f989764642c2a9ac80f57ad0be11724::1cab9c36ab6ebb1dd8f26191d6d48edd30bdbbf5::27b0e671be10e6d1527d0677b2c837a35ad65b32::a4d509dbc8e3f6d07a69ab19f4f4f72f8b773b34::2f0055b55b56dbe18ad994f4930073e25a36d552::bba74b0f338a179b5f748f02ce82ee05f63dd855::30502b6d0dd901de00768f5fdc1c397a45deff75::49b90e88ef2833ca902c462f36c9bb2bfe1b2b5d::02e21c9c7b7287fc18ea623e6228e3c11fc13bcf::4e365f584f1889f818bd3fb72938a92daabef360::7816e79fd63d26063473fce3e76a59311ce1efd4::c636dffde96776009454a989a276f1151637602c::23b723b5f99ef679105331eba7fd1e6f4e65ec51::d1f6c6bf2ce506e52b5dc65419a1ba67898c6b72::9521c1b8b94d2fee745b963aee502fc0a164c0b2::b7387ad0bfa2640328dd9a73bbbfc746ce70d575::25393302351db95e2aa624970ad019b10d60e694::d6ae7e2e50041558ae809358dad2c1909b4e77d9::cffa520f3c9b8e3ea3a71a3aa8d4d36d7a11c374::b8ef0ae68cda59063e110a4147ec29889e2b15ec::3e9c94e6f1de2d78032d8da83216648ec212376c::f5f5ce8a46d9bb35385fd2c0d809dd33b72a705b::b22f091f69f10f4952dfa1a04832fda95af9cd31::5084439505bbdf439c35e9399d927f40e0e65c49::98d04a470bb9e3539ada8fdb5085eb78edc73973::f2cd810275a229aa405177e2fc7fde27806783dc::98235b937962a2e7248c65f7035fb714148e1999::aeafeb161534ff9a56d203dab3d5bb39e1a30226::edab1d4fc17421de6f0ce5b895de7ea47cfd43fc::462f269ebd2720a85c9d6958cee2127643da440a::47a9a506ead8a06802f951da4b7ca7b021515a1c::5417b7bea4cc45c957dad802711ef78419eaa163::ef8da4a57828aec8be7f16bd14e073572b25a761::36e682b25fd6c7aaf94b3156342e86c1e62621c3::36f7d6b598f11155659e9c5b3d97b937d008b2a5::831eb9e6c3cbbdc5b0f354c04925fa477968bc29::8b3fa4d711790695286354afb8d65408b281ad7f::87c6a87187611f5cf3e2edde656ca923ffcb5adb::985eb9b481fc58093c8f1c470b9c96d80d67678b::e716fd915a617b1a4882ae8d580b976616be6b9f::781a368cd54e8b38dc4f8e54f1099cb615e4cbb9::e4a9f30330c05e0a18ef3e4f9f5ed1fc5f907e77::eef5f8e3c8127431bb7124f2f12a77b2a9c5d67b::b0655e6eac605954823f231984ca258e8bfc8b78::c5c96948fa17d109474687e142ed3c7b96eaa964::103ae747734573e7405b5c03b5df8546d3dff8cc::35f1a026ee8bf3a8e6977598826bd152e90d7cf0::8d7af1358e22ad0fbe77e59dce68170dc91b2c35::105a96b518bf663982b190598a0c8fda8c5613dc::1966e1fecaf87a08bb31d986869c8c9c15c12881::1c28f0d4d61a9cc24a1bb722f98322c8dd9eec05::a09931442383cbdf4aa5836aec1a28fedc2a1166::39e3fe5d94990b37de2d761ecd81c9d87cfe2d54::fe73e521f0c68f026387d57bf7d1b1dd7fb65aa9::dd9c9b5e33945592ef557e590882955dfd2e7263::2b87cba3f44ba56aea39706dd1fc311f9bc97fb0::6108efa6bf215c7b01989759de508cc94bdead19::a6c0d8bf08e177340014c1f6b5bca0298ffb4137::0a06d7d0222791c087a89b6926daacb48cb93e75::291edb96c44edfaaf48d1e1bc1145fc80bafd73e::f134c0f1df3a52c8c8082e48269c5de888b3816a::d1f866563546bbd9f49eb0ca47250adda53aab3f::7aeecabcd939b6e53fd6fa453b7fa522787f00fa::14d824d41c5e5d4033efc3f0b07b7197390a3aa1::7ce158ef6f52970d1380d91505abfb95e66467d1::d444dc634b77149ec8b03f0107e502797be11af0::e5ff5013d1a8ceae6907d334a702300fa5b0eb46::f6fa8b56716a207d86f20dc292ba767fb30f7e00::45937d510cc604f13107def44a9e6c8e848ded38::80a8be54b4a5f962118f338a0a1d7b6abcbad8a7::7219632b2103188918908147acfae8c9d63edca4::12460fdd6e0a6b56256bdb4a39667c772d8fbfd6::6f3fb6fa91a83eacf8a2f8306167c59e5b5a14d7::7bf19ee168002c0286f12149788e4eb8398d1df2::4749cec46e0cf9a09873669ad2a5d77b3dc56993::145e55b6296e222451f0e6530c255c9155785c8d::edaa2e3f5f2a02eb7fe8db4607bb7f833db7b57b::822d02644c1d9d8ac53e3d52fec92b4200c9742b::466fd70b09d01d4c603db2c7c209f571b145898f::09154d90711a7c0129239f04b922a2465201b294::63f27f36d198ce2fbbf7ab24df049e7222334d58::5edf38c55fbbd3adf1ddd655826b96cf454b465f::2d0e216872e079f4236808f80ac6d26f1ba3d0ef::467c881f9c3183d15a651b253b1da7e5a44b8a3a::6f78f9579870e032fe4309ad5b2fe2e92584c772::82f2b3f27d15579a14249fb2301ac0801e6afa5a::24b9aa4f2f3399640fe594817b5242c6ff0540f1::409b0a18baa00b136ba49f03852404e0a2f8ff6e::05438aba9e014ca94c43812f46e38493e7948855::d2e7922555ee04fa65ff41472a129a52565beba2::a0ff4d235e745cb20abd5e18b3302416110da11d::b4d3deaddf6725a0553a50470bc41dcc951fab38::6fe4d345231b1777ee4744c3b5b8cf86de16802c::23c0698a810504cce21dae60b21acf4701f143ae::2d53ce6b05711e467ea475bb0e8ab84ec96575e0::b728512f13fa20e86efdc0fab1beec55e4f97083::6a2a414bd845c2c1fe51dca51b7c39ae8d602853::485ab773e827ca91c2d95f56b9a10f1d8d2111ee::246587a343ce3e6c0b0154283955cb10cd12701c::0f02902b66a47eb429d5b131d8aacbae520d9da8::012c72992df3749ec822b5f6a0d356d720c75c3c::87f3b6a415149d05f20a6b521b2ae31fe8a9fbbe::9340578fae52cd52bf99f88a7c07a9a25afd9993::9c765abb7cdd454df9bcb93c8d4a2f5f72151bcf::10a905c731d08ef3c331ce58e9bdd7e05a950dc6::11b5f409ca1c8366708253b9a4407ddd16b4397a::fe92a04b04eb595dd48a8253b79ca71d23fdf3c6::257096298a1e177be05b501dc2479c417fecab3f::678a3166ac2295ab7e6ba7728e7296b8651e55c7::21477cbf51bc76542a6c507247fd6eb3b27bdef4::d008c925919653d99a342aa386213715d232e78d::92527d4361f003c49a0ca81dab6f4a4d1dfc58d2::4bda729de4495c0cf82c0e4882be2d31b79560e2::a6aae88857e7c2c56521158ec6aeda92cd1b7d1b::389831301ac80aa2c50763ea95619163e2a58890::6a72eab969a3dee8e19a4e1d7c98c6320cdd5b9e::16871438333fffbc711347a78845e767c1e6f1dc::77f7ab71af72fb2b726776b360f811d669f1ed72::f408f43ccc594f24ef4ba64eb2d00a9405d16522::166064cdab975af85ef8321b4d57aac7ebcbfc24::fb868986a290030332052561605a0903ac005fce::9ec5b687c37c221c3fe82e1b5ae003fc16dcdc8d::8896633862d7e0b94487f74d78e598e27969260f::04e64ec7abd853f64347c78807fb78fc4c735417::c303832b60976a3d1a3c053f69521a317ad46f99::2cf7ada2b1d1546c0d68ed47ed9c667522c82932::7633e0b354099bf2e750f6493d28e4519fe829c6::7032842985b67afaf6ca232d1c1c7d89112886bd::79875fe8c2fd52267dea82eaf3da68d2a5c56a72::23ea66c3e3741a71c71cbeb13026dfcc2feb42ed::e47eb474d26b0a989d1d6b13343a50330610c95a::75c9360bf389537ef8fcf85e17de3f58024f1783::e6a07dfdc0ad4b862e0748fddc9d27964e433d36::a39edf27e841fdf4bc655d2b0150b8e83608e3af::5850335e52ee1cdf6ba613788a5efedd84e99fef::d3d95edd975d31ad19d1f440b237940e1931b644::3356cc4a24cb268325e56999949a01cdda146be1::242398df17878a370785e768512202c6ee498533::1e4aaa538cd71ad7ebec2bc8e86828e528bf73f4::489cfba381603761556873a725631b402ba57829::a758f103ec35525e4ee328a3ed560a4f129bf926::c8868e903744f05506d8d3532bc3678eecde504a::abd09a96301785ad01e252849540f8aca7a5d34f::209d8e1addd795e87e8802dddcb93557963c2088::d7ed27241bc1bd3e3d6bdd04bbec7b3b85eb02d8::9638c422a3da475cea45f438c54f58df090ec087::288c58e58e8ff5d18905ed2c5668374d5484fed6::fa23ec83f24d74674de18385c7ebc9aeda09201e::
https://api.github.com/repos/apache/cloudstack,6402,backport6244::4.16,0,merged,type:bug::component:kvm::,Nicolas Vazquez,5295080,16,2,4,3,2,0,99c69a4feff736d4f8441d99f31f80dce7715c39::5e1d8329a6fd399477f521537f7fd28c93508cdb::
https://api.github.com/repos/apache/cloudstack,6399,disableiouringbydefault::4.16,0,merged,component:kvm::Severity:BLOCKER::component:agent::,Nicolas Vazquez,5295080,16,16,71,12,3,0,f9aa91c6428391761a90bbb59a987b033b117dc8::fad8a5752c683a20b58849b9110fb20235b55e0d::1d6d1b09fb6626650243669d4db2430308615e19::c11cd1bf4e2bf9ac24ed20e8a9d1dba0e2ead791::261e275c381023994099b0e3fb2f789964c85761::0e76ca64d7c6fa7bbff7c39cb333c95c1d6e1eb8::9e0574683d2ca7a3d279d7b46da683b7caad3fa9::b349e7561448f96514869ae6fa49f6138273b239::a74a4a83dfdc18b295404303dce4a2bb91b453a2::09c1f440933aeaf41583c152eccbb0f7f2b02bb5::a3ab1a33e45b324bfdadf51b4960c61e10097e12::88b3666d8cf6ffa33db3c6eb643929c987b585c5::0c8a6aa03a122b3f0b82b14818f40b4ef1ed2588::3835e8b8cf0ea3b3517c82fcaed3a497ade7a302::fa694c21e842d8265ead5fe0060e13ff7247c953::c16e7520d28eb60ce33ac5b0c521e2431a7b7be1::
https://api.github.com/repos/apache/cloudstack,6050,network-access-check-improvements::4.16,0,merged,type:bug::component:networking::,Suresh Kumar Anaparti,12028987,2,3,4,7,1,1,8614ca8a9479930a95dcf8dcd36c78f44513a079::68370cc23aaccd314b1b9ea15576e5a2d36415b8::fec436bfb735d41690fce419623819f1354fd26b::
https://api.github.com/repos/apache/cloudstack,6000,4.16-reapply-4338::4.16,0,merged,type:regression::,Wei Zhou,57355700,9,1,1,8,1,0,8865386259c945cf24f27459185c17cbbbaf2c2c::
https://api.github.com/repos/apache/cloudstack,5329,fix-hostsmetrics-zerocpu::4.15,0,merged,,Abhishek Kumar,153340,12,3,60,6,2,0,c6a93776cf52edc661622af873f28973b022bfb5::dab814964a2d1929d9209e75544ac9a3588f55a0::2f6199ab99ac3fa9e7a8047468e7ab04fd631a4e::
https://api.github.com/repos/apache/cloudstack,5323,feature/fix-migrate-systemvm::main,0,merged,type:bug::component:UI::,Hoang Nguyen,13766648,4,1,4,2,1,0,c21425a0fd88bfe996dea9294e0bbc5c00eec23e::
https://api.github.com/repos/apache/cloudstack,5317,debian11-systemvmtemplate::main,0,merged,systemvm-template-change::,Rohit Yadav,95203,243,4,21,21,6,0,62831c936851bb69766533b5e11b9ced798d86ae::78f6423b7ff9362c63ca49821057490b47f4d3fe::b187e51aa6ad352aab510857c5a115d3f9e729a3::bc6ef8dd9e3777eccad76200ac75ce9d3960a98c::
https://api.github.com/repos/apache/cloudstack,5073,416-systemvmtemplate::main,0,merged,Severity:BLOCKER::systemvm-template-change::,Rohit Yadav,95203,243,6,25,8,5,0,3af65754f760d2801e547733e309d61be9e8b2a8::db3d1f7fa038b82a9d5ce85b6ba47a4490119bf4::53e440889ff682794d0e6ed0347a61c0f1844927::d66051ae1c12ef6e45ce6475b4a55f127b4f7644::4c8f7269ba1a355ae903fffeeff58afaec0139af::c905bd5b9e6205273a4d7213a14ad5f934c9082b::
https://api.github.com/repos/apache/cloudstack,5070,4.15-linux-kernel-cloud::4.15,0,closed,systemvm-template-change::type:experimental-feature::,Rohit Yadav,95203,243,3,27,7,5,0,a65402ad0ecafe6bff1978ad46d9cb800582db9f::e1edc85a29a3bd8addd301fe906953c865ee8efb::7f2e9f0bc065a1e5abc42f05f74e12cfe6c90a6c::
https://api.github.com/repos/apache/cloudstack,5049,sg-applied-non-sg-network::4.14,0,merged,component:kvm::component:security-group::Severity:BLOCKER::component:advanced-networking::,Gabriel Beims Bräscher,5025148,18,1,2,1,1,1,f2c27d8104e3971780e371428186cb08d044d2e4::
https://api.github.com/repos/apache/cloudstack,5012,kvm-nfs-driver-io::main,0,merged,type:enhancement::component:kvm::,Gabriel Beims Bräscher,5025148,18,5,94,0,3,1,c7c3dd3dd9b8869f45c5bd9c17af83d230ac7886::cdcfd0360aa046f85f21f588ca7fe9deaf1f8b63::c2e4e7f5a2547a2a27977652a9568d4de651adcf::fe05a59427d166ac27a0ac0ad792a445375237f0::b9702955a555aab39de5b2cebaa234f15978d95d::
https://api.github.com/repos/apache/cloudstack,4995,setup_databases_script::4.15,0,merged,,,49917670,2,2,2,1,1,0,192be12821ad6b6b29a35056668cfe255a66b477::30c9298dd6dab5aea6bbf01c9a59fdfd903dcf55::
https://api.github.com/repos/apache/cloudstack,4866,fix-timeout::4.14,0,merged,,David Jumani,8244774,10,1,2,1,1,0,18fc4daf8724c5b6fa575ec5c7171122a8a5204c::
https://api.github.com/repos/apache/cloudstack,4775,fix-npe-when-migrating-vm-with-volume-414::4.14,0,merged,,Gabriel Beims Bräscher,5025148,18,1,46,4,3,0,c79981d4f874f3017ceb3bf1eb3539963d70d511::
https://api.github.com/repos/apache/cloudstack,4562,throw-exception-when-live-migrate-volume-in-kvm::4.14,0,merged,component:kvm::,Daniel Augusto Veronezi Salvador,38945620,17,2,6,0,1,1,bc760f2f0349842d2f96162b9c8267bab6dae2b5::dff9c56a754e77388e96d4d38c54b33fb45de5cd::
https://api.github.com/repos/apache/cloudstack,4500,fix-hosts-migration-count::4.14,0,merged,type:bug::,David Jumani,8244774,10,2,18,12,1,0,e2906739d714530453037266ae021664d8d13c91::091fb35a1fb84e8b04fad80c3328d3a09c65374d::
https://api.github.com/repos/apache/cloudstack,4367,cpu_core_details::4.14,0,merged,type:bug::Severity:Minor::,Rakesh,10645273,28,1,2,1,2,0,bf16e4cc3f7a27f08ceb05b8d21dd13ebdd35ffb::
https://api.github.com/repos/apache/cloudstack,4319,fix-dns-entry-data-server::master,0,merged,type:bug::Severity:Major::,Lucas Granet,20281031,1,1,1,1,1,0,8998aaf0290a6ed4f5f062e6b5e64145a5a25142::
https://api.github.com/repos/apache/cloudstack,4291,influxdb-out-of-memory-4.13::4.13,0,merged,type:bug::Severity:Critical::,Gabriel Beims Bräscher,5025148,18,1,19,13,2,1,833d10fcb8ee7ffbabec1bc51b9341b54807e620::
https://api.github.com/repos/apache/cloudstack,3988,4.14-zulu11-support::master,0,merged,type:enhancement::component:packaging::,Wei Zhou,3204966,7,1,4,4,1,0,0e0d5686b5d1038834d5f3d29b38a2a29455065a::
https://api.github.com/repos/apache/cloudstack,3900,4.14-systemvm-root-disk-size::master,0,closed,status:needs-CI::status:needs-love::systemvm-template-change::type:new-feature::status:needs-testing::,Wei Zhou,3204966,7,2,33,6,4,0,45828e9486250a39ac71d1dea6db8a8b04e49ea1::9c31a9d90969a97adffea69efcbf02b1d6542456::
https://api.github.com/repos/apache/cloudstack,3767,templateFromSnapshot-4.13::4.13,0,merged,type:bug::status:ready-for-merge::component:UI::,dahn,2486961,17,1,103,1,2,0,c5fdd883e47feb99df9ab5979c5275afe324b169::
https://api.github.com/repos/apache/cloudstack,3761,fix/4.13/snapshot-throw-not-null::4.13,0,merged,type:bug::component:management-server::,Gregor Riepl,371687,73,1,1,1,1,0,5513d4985b89680ee03b716848fda4be74b33543::
https://api.github.com/repos/apache/cloudstack,3743,timingPowerState::4.13,0,merged,type:bug::component:management-server::,dahn,2486961,17,2,57,27,6,0,ee718bc1cdbd7b99589d20eac457f81de11c4627::8682179a2e185a55a1bdc0bd3c992d1ff9778c2c::
https://api.github.com/repos/apache/cloudstack,3733,issue-3596::4.13,0,merged,type:bug::component:management-server::status:ready-for-merge::,dahn,2486961,17,1,12,2,1,0,2990eb3ba665ec73c5a2fea25a160dae0754b58f::
https://api.github.com/repos/apache/cloudstack,3723,templateFromSnapshot::master,0,merged,type:bug::component:UI::,dahn,2486961,17,1,103,1,2,0,1153e3eb5d1fdde207e952b0e1a7affd18c21ec8::
https://api.github.com/repos/apache/cloudstack,3713,OriginVsPermission::4.11,0,closed,type:bug::component:management-server::component:api::type:regression::,dahn,2486961,17,1,71,7,3,0,9eb5a093f58cdec0e6d314a52f1aa702736deea6::
https://api.github.com/repos/apache/cloudstack,3623,bride-utils::master,0,merged,component:kvm::component:networking::,Wido den Hollander,326786,116,2,7,8,3,0,0a13dc615b87f82e17808d22b5769352e21d7aae::d3ae86ba982ff2ed026316ee6f9aa50b4c64dfb8::
https://api.github.com/repos/apache/cloudstack,3546,fix/snapshot-throw-not-null::master,0,merged,type:bug::component:management-server::,Gregor Riepl,371687,73,1,1,1,1,0,77744ae817d760169f50ad72c797ce6f7a21d9a1::
https://api.github.com/repos/apache/cloudstack,3398,cluster-guid-kvm-fix::master,0,merged,type:bug::component:kvm::,Rohit Yadav,95203,243,1,9,8,1,0,042cde45fe063f23b883d2feab8bf901c5e94570::
https://api.github.com/repos/apache/cloudstack,3066,ostype-uuid-411::4.11,0,merged,component:api::,Boris Stoyanov - a.k.a Bobby,13551960,13,1,4,4,2,0,7716eaa9402fb98060f33e622be1d3355d947dad::
https://api.github.com/repos/apache/cloudstack,3053,ipv6-advanced-network-secgroup::master,0,merged,component:ipv6::component:advanced-networking::,Wido den Hollander,326786,116,1,0,6,2,0,0aa1316aaa81f99761716e11dce15540a6088161::
https://api.github.com/repos/apache/cloudstack,2809,connpool-411::4.11,0,merged,,Nicolas Vazquez,5295080,16,1,84,56,5,0,6f1b9dc77b24202ef1e03f07812c19ac0b76a922::
https://api.github.com/repos/apache/cloudstack,2621,41110-fix-and-bports::4.11,0,merged,,Rohit Yadav,95203,243,15,1726,725,50,0,462cfbd3f7c030b2de7c1e697b0dcc53b997fe4e::bc1195612ce453e0fc044e8fc5f509b00bff4050::ccaf78236b67627c2e19e9580b02508a73201807::bafe8505e9e18bc3d8e5cd0c52be805510868653::885e523f46b229070fad8d280a07d3c00931b719::e39ad6ffd24b167e9ab1800688a6693a0ec9fc35::bb4021d8c261d6e5f6d677d20cc976ca754573e9::1b26e9914685c53984be5841ae17445cbb3c8b70::3bdbd5f8181270df3b63ea14d61ee357d917d2c3::4ff8896cfe1dfaebd0be9d8e991a0e7e9e755e4e::4c7e78c202ae2834dcef90bee854d192f5225e74::eb98906796fc0294b8cb778fd28090a2aafe5e3b::4770f4c652d5030f71c13444767567eba1583a47::65c879bc0be75b2f830a3a828d77c34a2892f40b::b565387d0fe40582eb48aacfe811be3e321ca010::
https://api.github.com/repos/apache/cloudstack,2499,calculate-storage-space::master,0,merged,,Mike Tutkowski,3019295,11,1,417,26,3,0,f527eae083899014ad5496b5a2222fbc122b2329::
https://api.github.com/repos/apache/cloudstack,2454,keystore-utils-sudoer::4.11,0,merged,component:kvm::component:security::,Rohit Yadav,95203,243,1,9,12,2,0,f1cf5f97e97558194a813119876f56bd55d0ff2a::
https://api.github.com/repos/apache/cloudstack,2443,CLOUDSTACK-9338::master,0,merged,type:bug::component:management-server::,Rafael Weingärtner,4129005,24,3,413,184,4,1,5d545023fcc4ea525012232182a250669975f24d::7f934c0e866c8f4aedad99a8a5ffe4c03118a656::601d095d71423ea7a22aa7e19f2f646b61f61478::
https://api.github.com/repos/apache/cloudstack,2414,CLOUDSTACK-10241::master,0,merged,type:bug::component:XenServer::,Rafael Weingärtner,4129005,24,3,679,132,4,1,8fd8927c252fe5abb99844e0f02d10608334e3e5::c7be953b5e5cf73cf67065729898f4316c9e49b3::3a24daf39a0999575b40ef5f9b141b77686c9e44::
https://api.github.com/repos/apache/cloudstack,2404,CLOUDSTACK-10230::master,0,merged,type:bug::component:management-server::component:security::,Rafael Weingärtner,4129005,24,3,646,495,3,1,90b80a58e17253101f15df5d2f3b46157012cf0f::7f4b9080763191155adf234bdcd8c36b5ff0d9d6::259c7df6bfa320feb30ec5160f2776db82ca2643::
https://api.github.com/repos/apache/cloudstack,2401,CLOUDSTACK-10226::master,0,merged,component:XenServer::component:primary-storage::type:improvement::,Rafael Weingärtner,4129005,24,2,558,379,15,1,7d9b7d1d97b1afde6c577cbb58d57a8530f9d99c::76a9b93682cfd226eda59f39f8077384cc9ad53c::
https://api.github.com/repos/apache/cloudstack,2392,consistent-tzdate::master,0,merged,type:bug::component:api::,Yoan Blanc,1388,267,1,26,11,2,0,acf59f67dffb08a5874a20b0f723c67801ae6f9f::
https://api.github.com/repos/apache/cloudstack,2355,CLOUDSTACK-10177::master,0,merged,component:kvm::component:ipv6::,Wido den Hollander,326786,116,1,3,1,1,0,39f730af53a950a52d35c14084b39dcdc1d37d27::
https://api.github.com/repos/apache/cloudstack,2341,CLOUDSTACK-10160::master,0,merged,component:kvm::component:libvirt::,Wido den Hollander,326786,116,2,12,2,2,0,d1ea3391b1945059e1a495c01ca1c68de783dade::2e747ffe6250c234fe367389f47e2ab3ef2c4f00::
https://api.github.com/repos/apache/cloudstack,2283,maven-standard::master,0,merged,type:enhancement::,Marc-Aurèle Brothier,1081566,42,1,100,314,5435,0,7b1f69bc7ce3d715e06bef67b861cd3af2c03396::
https://api.github.com/repos/apache/cloudstack,2211,debian9-systemvmtemplate::master,1,merged,component:systemd::component:networking::systemvm-template-change::,Rohit Yadav,95203,243,22,6171,13047,440,0,78bb74188dd4d8c81930eedd021492b9f346ec32::2aa70eecceb94c6c6dc6f89889b1b3cdd7b25dc8::bb965649d90768d27b55105de882873863bb8012::893f2af31f6513ab9833823446815de0fd97b9ca::d0005d83536f1da3778547f81a7ee8289e5bb510::0102e8593db435d5fa10d116470a37b220a0a257::9aa7d4e81847875930eb98e39c56b4957fa9c632::8c53574c911e46798c191409186ef67261511728::d943eb916b683ab4e777e1d4956b3cb65dc3d9a5::551e11cf3ef6e386deaac075ff9afdff93d1cd40::85aee8d18dc9e248b76cb2a899a427d6d1420957::facc5945f0e5081c166dd5a979c9ebb50dfa5562::6fc389a044288e8f12f41a651a711a1ab7113b86::6ab46b3c29c167a3d8a08828bc754c383648404b::ce3303212b5f9639ee91db52972fc9fd4b9a3c68::15b11a3b27800afcb598f8e97416f0d826cac491::60a216bcc94ff12ee9100362393cae8ce8ba4792::3839239a21fc14a64acc18900ae303961036ef91::0b43cd91bbe90d733977fefd0a5dfe9ba73285b5::68b3b4436a9a4a7648d04d3528b58b64353fb5fb::4338e0f4f182429f3151fe78628c7fc944820ffe::d19629a115eb7111a86e4c69b7bfb31432e2ad9a::
https://api.github.com/repos/apache/cloudstack,2198,debian9-systemvmtemplate::master,0,closed,status:work-in-progress::systemvm-template-change::,Rohit Yadav,95203,243,1,178,783,18,0,319c4570e4ccae83e592189cd2fdb34afc96191d::
https://api.github.com/repos/apache/cloudstack,2052,4.9-new-backported-fixes::4.9,0,merged,,Rohit Yadav,95203,243,59,4292,1099,78,0,550fe867c0d2c11711b012dcd2090d6a3acb13d6::079dbae905ed07de3bf6e98cd0b49f22c6a802f9::65cba89be45a0480ed5be906a993bdb0f28c1c56::31120cbd79fbf823ee9bb22f85c647ffd4f1b837::4dffbf9a9e9d65ed59b43011bf5654bf240abb69::8811ffb442205bb733ddc0ed05e6a9a2eb81116e::a9cd9a477551c532c0e9f1a7dffe80ff0643c994::3ff3aa96c0231e9242b4d447248d746fe240b7de::67dbb787ea94d7fa4183e01ffaa6bdafccb0eac0::7b1ac9148792d336c46a8a6b2e634965df6135a0::b11c7332d10e1166fd2d11b20690903734aea8ca::c40b1f3a96d749f1e90092d867fb63775f7e19bf::3a99c45f99799263c3d48d711be765d45478d3de::9b575ba1f5ba59e2c7ebe74b73129070bc47ee2a::d4929a4c16a46b9c319aca5ee831622ab4a6c713::7a9e9095d0a8f20afbc94c11d31e6cf566b34939::394efcae285db5e8171e47b7e2ab535b3dd770cc::c8e0590a42195841780dc23d01824c597e97e2b3::48fa26ea512cd0260d161f4ca5b8f066a5c6c6c7::1061f59fd12ad43395b1c1bb83d0141fc20c16ce::b2da8032fa5e27723da06cb781d0a59fc922b42c::ecba6e4f6ed7537087a65ca594d355b75520effe::bd7fe72f96ac421c74d44634f2a56e223b6ac5ae::e872b0063417624ef4f461ff35a7a4e9790cce3f::13ab57ffea6a6bb287f78ce99d01e8dd8083f3df::5ff975a9a4438d14ea5029cd323ce0b4479320ff::118b887ac27930505f50da52d118b145dca91f7a::6c738f647c0af10f5b72d475ab3abdcd073cbd90::e24aad8e2ff1610f1f6539029913af0bc0dd4571::bec79b9122394064f5bbf8f6cf8da0224c235ecd::e753e23432ce25bb32801288834d3c31ac8ec6d4::b161ac7f0d8bf33e63f3cb31b75ca90447bf6efc::71289fe1aaef799b7c87ea2ce84c87f6b163ba55::ca82736514b9381ff847d0bd974001e90844e783::392a9faadb33d4374cff488a3b1eda1bdae6b170::a840e268af2890b587029f70e85b647cc636f469::c3c3da472355d13bed833152115a14eefcd59260::38b7fb857704e3ef14d4c28ad8ec96ed6d4072d5::b6758d49c15305d011bd1d1f484a661b20a8221b::4bf627c039c2c62a188b78b3811ac7dc54736276::d5fdb4f6f89dc173f6a7b77d9f3360b1afa14173::507521b0833b75faf7ce7552760342d019dbe2b7::532dfde92b6dba9e7eccbd6821a76f6bc87b20dd::25495b49fbe5c316ca1844800dc925db62463035::eaae56268a9e42c46cc9530537fcc3f8bfd99a7e::c39546136e9ff146c7f6ed0ed053e3eb65b8a137::b92d81768e1e676554db9aa3af58e501c61080b6::d6fcd707a36d97d1a5388c6bc0e6467e02bdd47f::d37217c294ad050248eb07f898525f27042d4d69::be7de75d7b0aaa426b22c4330c6b5a3f06d75d4e::80c674e44e6f641eada62f93ed3094fd39efd2b4::499b3e25d2d5baf0e1eaa68c1b5256d6401feae8::5f35d336c1cd393ac439fa0c820cf4f361a4738c::8c8c19ddd5cef0d98a9650f10472db4abb9733a6::115e76ff93767c5a2acb048129d1ba76c7d0d315::1cf4b9359b0afed73376edf652104c81ca097cdf::e336c84871db13c6dc02af484a308491fd05f82a::d04699d5c553ac730d3ed31790982cd3c7ecaccf::56c514c9632cc0b10e68cd9fcaf50bb1dd080a6d::
https://api.github.com/repos/apache/cloudstack,1974,bug/4.9-vpc-vr-logrotate::4.9,0,closed,,David Mabry,5330413,2,3,4,0,1,0,f1ae0d3bdde3317f6be34f09a656b7c50779e3be::0f7363d3768fd4484a707555b3bbb89b4bcbc900::d8257b5781093c2957c5d2e689b219c49bdfb588::
https://api.github.com/repos/apache/cloudstack,1973,bug/4.8-vpc-vr-logrotate::4.8,0,closed,,David Mabry,5330413,2,3,4,0,1,0,825cb5a0b68ddbf3195ba591ac433bac10189495::69783c2b76786ac8e7f37ed5ecac79b700dd7d17::b0da6c78e70fca12fa5a418238e73e9e2bd2d8e5::
https://api.github.com/repos/apache/cloudstack,1961,addNewNfsTestData::master,0,merged,,Nicolas Vazquez,5295080,16,2,68,21,3,0,b792df163a1953772aa9a4c293b87cba5826a953::c66df6e11f766844c4566543eb4b95945b2e7873::
https://api.github.com/repos/apache/cloudstack,1888,jre8-only::master,0,merged,,Rohit Yadav,95203,243,1,55,34,19,0,e6cc78f531d0201aed004fd9e003a1ae2ab9a816::
https://api.github.com/repos/apache/cloudstack,1711,xenserver7::4.9,0,merged,,Syed Ahmed,55854,27,1,255,18,8,0,eabf862ba9751bcdbe18a6cc9b91f2ae48472cab::
https://api.github.com/repos/apache/cloudstack,1709,acs/CLOUDSTACK-7982::master,0,closed,component:kvm::component:primary-storage::,Marc-Aurèle Brothier,1081566,42,4,1192,514,33,0,85610549f79ce39b30a18478277cc22fd4c399d7::00cd64440b0eb03d644a3aa006e82025038a2014::354a5a15dc10475062cc9ba5ea39a77c504e227a::3d0cb263701ab6e57099c5ca5d588042c6309305::
https://api.github.com/repos/apache/cloudstack,1684,cloudstack-9489::4.9,0,merged,,Abhinandan Prateek,12134381,2,1,0,1,1,0,a39cc61fc61a52b5d57e963a9a6a2d6f0e951c28::
https://api.github.com/repos/apache/cloudstack,1545,qemu-guest-agent::master,0,merged,,Wido den Hollander,326786,116,1,208,20,9,0,2a5f37c1b10ba4e5acaf7fbb30ce0b016b04d082::
https://api.github.com/repos/apache/cloudstack,1521,kvm-plugin-restructure::master,0,closed,,dahn,2486961,17,2,376,350,122,0,403eeb45f52a6bc46c0f21a21b59ddc5616911b8::f5e5176ee71f01597805ac6a549a778226b9bd33::
https://api.github.com/repos/apache/cloudstack,1470,47_fix_concurrency_issue::4.7,0,closed,,Remi Bergsma,1630096,31,2,146,122,7,0,29a15044e9a4c63bde5e749492aee70ae6060095::53bf4753195366d6faa639fc996647479203c36b::
https://api.github.com/repos/apache/cloudstack,1366,4.5-vmware-diskchain::4.5,0,closed,,Rohit Yadav,95203,243,1,212,24,12,0,23e1fcdaa0e39298e249c9046f31a3d0f0504ef0::
https://api.github.com/repos/apache/cloudstack,1356,4.7-vr-performance-wip::4.7,0,merged,,,5996146,0,1,24,27,1,0,3eceb60f5ca8b86b3308243ae2905bbfbd54bc39::
https://api.github.com/repos/apache/cloudstack,1224,CLOUDSTACK-9146::master,0,closed,,,5996146,0,1,2,2,118,0,ecc567c2a6063ed1a1cece42ac743e1defc930d8::
https://api.github.com/repos/apache/cloudstack,1091,metrics-4.5::4.5,0,merged,,Rohit Yadav,95203,243,5,1853,94,17,0,d34da5aa8f10c0d47c837f99b2f456a91c77c2ab::14940a3c9aa142cc4ba7acafc86aa5b6968702aa::1391f476f1db211392b7adf23a58358f10d0aa4a::0d73788464b69ac70dea15cd588143e78b222bea::ebee0f0c9de98d3fd0aaa6357dc87b753d557656::
https://api.github.com/repos/apache/cloudstack,996,CLOUDSTACK-8984::master,0,merged,,Rajani K,186833,19,1,1,1,1,0,d9f614cea22efb454b34572576ff59c01e694dce::
https://api.github.com/repos/apache/cloudstack,891,CloudStack-Nitin9::master,0,merged,,Nitin Kumar Maharana,12583725,1,1,2,2,1,0,febaeb2a157e75041bdfd4058de5f35e7da09ca7::
https://api.github.com/repos/apache/cloudstack,872,strongswanvpn::master,0,closed,,Jayapal,3789214,0,2,48,45,6,0,df449695e73cb44b971b02e93fe59d5a99bd7586::2471cd7088d30a3697f8ec908bc8b5ca83bed6aa::
https://api.github.com/repos/apache/cloudstack,626,8675::master,0,closed,,Pierre-Luc Dion,5923502,22,3,3,3,3,0,6a01f48e1bb55826790af354686d150b5d440e02::a3319b76ba04f64f3121470a976799c44a58d53b::d4bfca6330a3fbe50156e9e249a2535e80be9cda::
https://api.github.com/repos/apache/cloudstack,587,fix/CLOUDSTACK-8616::master,0,closed,,Wilder Rodrigues,5129209,45,6,71,86,11,0,c35c6661696ab3c3c1ddfb6794bd293a76b2463b::c975185318cbfd00e9d5e346b4fc9ea2c76e8098::c20b5f3ff1e56b4db296bd2ec46f0cd8ed538b29::118d7b79f4f5f15a9931ff1cc6e2cc91a562ee11::a6357247c1b86cfb5bffdecedb4b4943b6cb16ca::f4f4d11945d27b8554cb65bf37c8045a81d88e66::
https://api.github.com/repos/apache/cloudstack,281,4.4_cepth_resize_backport::4.4,0,merged,,Remi Bergsma,1630096,31,1,8,4,1,0,a26bbc2ce2f99e706895f9c0bbc6bdb5a522c37f::
https://api.github.com/repos/apache/cloudstack,244,hotfix/4.5/CLOUDSTACK-8197::4.5,0,closed,,dahn,2486961,17,1,21,16,6,0,e9093551c56df34fde54a9684f41701e5d2fd91e::
https://api.github.com/repos/apache/cloudstack,243,hotfix/4.4/CLOUDSTACK-8197::4.4,0,closed,,dahn,2486961,17,1,21,16,6,0,f67155360a042f869353de28ab73ac7e5622419c::
https://api.github.com/repos/apache/cloudstack,221,remove_ceph_4.5::4.5,0,closed,,Laszlo Hornyak,3160079,13,1,0,9,1,0,233c4d921e7965529ba7206e280362471bc629e2::
https://api.github.com/repos/apache/cloudstack,172,libvirt_4.4_2::4.4,0,closed,,Laszlo Hornyak,3160079,13,1,6,0,1,0,4375b374432947148c6238c164e2d8a77c93c154::
https://api.github.com/repos/apache/cloudstack,123,feature/debian-http-redirector-backports::master,0,closed,,René Moser,23809,283,1,1,1,1,0,d266cc59f35de1d299d68ec267a1f71ddc9cc63a::
https://api.github.com/repos/apache/cloudstack,119,fix/systemvm-irqbalance::master,0,closed,,René Moser,23809,283,1,2,0,1,0,33d2445eb9202891e88d5211e9a7071331a77f84::
https://api.github.com/repos/apache/cloudstack,103,feature/debian::master,0,closed,,René Moser,23809,283,1,4,4,1,0,1d852f0c4468445c8b3d21ec12f68a596ce4e34a::
https://api.github.com/repos/apache/cloudstack,65,feature/constant-time::master,0,merged,,Pierre-Yves Ritschard,110280,314,2,48,3,4,0,9b4e39e837af498599859c4a6687eb8bf9f8ad89::b2393c31ed8f689e45227f12371fc042c9dbd0e4::
